{"2": {"ci": {"0.01": 0.0, "0.015": 0.08600547322931751, "0.024": 0.0, "0.036": 0.0, "0.056": 0.0, "0.086": 0.0, "0.132": 0.0860054732293175, "0.202": 0.0, "0.311": 0.0, "0.477": 0.0, "0.733": 0.0, "1.127": 0.0, "1.731": 0.0, "2.66": 0.0, "4.087": 0.0, "6.28": 0.0, "9.649": 79.21996948355154, "14.825": 81.37027035910464, "22.779": 81.37027035910464, "35.0": 81.37027035910464}, "n_steps": {"0.01": 20.0, "0.015": 20.02, "0.024": 20.0, "0.036": 20.0, "0.056": 20.0, "0.086": 20.0, "0.132": 20.02, "0.202": 20.0, "0.311": 20.0, "0.477": 20.0, "0.733": 20.0, "1.127": 20.0, "1.731": 20.0, "2.66": 20.0, "4.087": 20.0, "6.28": 20.0, "9.649": 10.24, "14.825": 10.0, "22.779": 10.0, "35.0": 10.0}}, "3": {"ci": {"0.01": 0.08600547322931751, "0.015": 0.0, "0.024": 0.0, "0.036": 0.0, "0.056": 0.0, "0.086": 0.0, "0.132": 0.08600547322931751, "0.202": 0.0, "0.311": 0.0, "0.477": 0.0, "0.733": 0.0, "1.127": 0.0, "1.731": 0.0, "2.66": 4.553192243321957, "4.087": 11.382980608304894, "6.28": 57.36136502388688, "9.649": 58.29969939971509, "14.825": 58.29969939971509, "22.779": 58.29969939971509, "35.0": 58.29969939971509}, "n_steps": {"0.01": 27.01, "0.015": 27.0, "0.024": 27.0, "0.036": 27.0, "0.056": 27.0, "0.086": 27.0, "0.132": 27.02, "0.202": 27.0, "0.311": 27.0, "0.477": 27.0, "0.733": 27.0, "1.127": 27.0, "1.731": 27.0, "2.66": 25.4, "4.087": 23.0, "6.28": 15.16, "9.649": 15.0, "14.825": 15.0, "22.779": 15.0, "35.0": 15.0}}, "4": {"ci": {"0.01": 0.0, "0.015": 0.0, "0.024": 0.0, "0.036": 0.0, "0.056": 0.0, "0.086": 0.08600547322931751, "0.132": 0.0, "0.202": 0.0, "0.311": 0.0, "0.477": 0.0, "0.733": 0.0, "1.127": 0.0, "1.731": 0.4553192243321957, "2.66": 37.05148408288669, "4.087": 39.68812725767724, "6.28": 39.68812725767724, "9.649": 39.68812725767724, "14.825": 84.13986307548592, "22.779": 84.13986307548592, "35.0": 84.13986307548592}, "n_steps": {"0.01": 31.0, "0.015": 31.0, "0.024": 31.0, "0.036": 31.0, "0.056": 31.0, "0.086": 31.01, "0.132": 31.0, "0.202": 31.0, "0.311": 31.0, "0.477": 31.0, "0.733": 31.0, "1.127": 31.0, "1.731": 30.84, "2.66": 16.1, "4.087": 15.0, "6.28": 15.0, "9.649": 15.0, "14.825": 11.0, "22.779": 11.0, "35.0": 11.0}}, "5": {"ci": {"0.01": 0.0, "0.015": 0.0, "0.024": 0.0, "0.036": 0.0, "0.056": 0.0, "0.086": 0.0, "0.132": 0.0, "0.202": 0.0, "0.311": 0.0, "0.477": 0.0, "0.733": 0.0, "1.127": 0.0, "1.731": 0.22765961216609784, "2.66": 5.24697294597436, "4.087": 41.377533358647625, "6.28": 41.377533358647625, "9.649": 41.377533358647625, "14.825": 41.377533358647625, "22.779": 41.377533358647625, "35.0": 95.52284368379084}, "n_steps": {"0.01": 29.0, "0.015": 29.0, "0.024": 29.0, "0.036": 29.0, "0.056": 29.0, "0.086": 29.0, "0.132": 29.0, "0.202": 29.0, "0.311": 29.0, "0.477": 29.0, "0.733": 29.0, "1.127": 29.0, "1.731": 28.92, "2.66": 27.18, "4.087": 15.0, "6.28": 15.0, "9.649": 15.0, "14.825": 15.0, "22.779": 15.0, "35.0": 13.0}}, "6": {"ci": {"0.01": 0.0, "0.015": 0.172010946458635, "0.024": 0.0, "0.036": 0.0, "0.056": 0.0, "0.086": 0.0, "0.132": 0.1138298060830489, "0.202": 0.0, "0.311": 0.1138298060830489, "0.477": 2.98264756382945, "0.733": 11.706193441987255, "1.127": 12.947011881027397, "1.731": 15.75893710018731, "2.66": 16.92216604106745, "4.087": 16.92216604106745, "6.28": 16.92216604106745, "9.649": 16.92216604106745, "14.825": 42.67094679400436, "22.779": 45.53192243321957, "35.0": 45.53192243321957}, "n_steps": {"0.01": 36.0, "0.015": 36.03, "0.024": 36.0, "0.036": 36.0, "0.056": 36.0, "0.086": 36.0, "0.132": 35.8, "0.202": 36.0, "0.311": 35.8, "0.477": 30.96, "0.733": 16.12, "1.127": 14.9, "1.731": 12.84, "2.66": 12.0, "4.087": 12.0, "6.28": 12.0, "9.649": 12.0, "14.825": 10.2, "22.779": 10.0, "35.0": 10.0}}, "7": {"ci": {"0.01": 0.0, "0.015": 0.0, "0.024": 0.0, "0.036": 0.0, "0.056": 0.0, "0.086": 0.0, "0.132": 0.0, "0.202": 0.0, "0.311": 0.0, "0.477": 0.0, "0.733": 0.0, "1.127": 0.0, "1.731": 0.0, "2.66": 2.7319153459931744, "4.087": 11.382980608304894, "6.28": 11.382980608304894, "9.649": 11.382980608304894, "14.825": 29.379712258510544, "22.779": 71.3720861089904, "35.0": 71.3720861089904}, "n_steps": {"0.01": 21.0, "0.015": 21.0, "0.024": 21.0, "0.036": 21.0, "0.056": 21.0, "0.086": 21.0, "0.132": 21.0, "0.202": 21.0, "0.311": 21.0, "0.477": 21.0, "0.733": 21.0, "1.127": 21.0, "1.731": 21.0, "2.66": 20.04, "4.087": 17.0, "6.28": 17.0, "9.649": 17.0, "14.825": 15.8, "22.779": 13.0, "35.0": 13.0}}, "8": {"ci": {"0.01": 0.0860054732293175, "0.015": 0.0, "0.024": 0.0, "0.036": 0.0, "0.056": 0.0, "0.086": 0.0, "0.132": 0.0, "0.202": 0.0, "0.311": 0.2276596121660978, "0.477": 1.8212768973287825, "0.733": 11.155320996138794, "1.127": 11.382980608304893, "1.731": 11.382980608304893, "2.66": 11.382980608304893, "4.087": 11.382980608304893, "6.28": 11.382980608304893, "9.649": 11.382980608304893, "14.825": 11.382980608304893, "22.779": 11.382980608304893, "35.0": 11.382980608304893}, "n_steps": {"0.01": 28.01, "0.015": 28.0, "0.024": 28.0, "0.036": 28.0, "0.056": 28.0, "0.086": 28.0, "0.132": 28.0, "0.202": 28.0, "0.311": 27.6, "0.477": 24.8, "0.733": 8.4, "1.127": 8.0, "1.731": 8.0, "2.66": 8.0, "4.087": 8.0, "6.28": 8.0, "9.649": 8.0, "14.825": 8.0, "22.779": 8.0, "35.0": 8.0}}, "9": {"ci": {"0.01": 0.0, "0.015": 0.0, "0.024": 0.0, "0.036": 0.0, "0.056": 0.0, "0.086": 0.0860054732293175, "0.132": 0.0, "0.202": 0.0, "0.311": 0.0, "0.477": 1.4797874790796357, "0.733": 10.7000017718066, "1.127": 11.382980608304893, "1.731": 11.382980608304893, "2.66": 11.382980608304893, "4.087": 11.382980608304893, "6.28": 11.382980608304893, "9.649": 11.382980608304893, "14.825": 11.382980608304893, "22.779": 11.382980608304893, "35.0": 11.382980608304893}, "n_steps": {"0.01": 31.0, "0.015": 31.0, "0.024": 31.0, "0.036": 31.0, "0.056": 31.0, "0.086": 31.02, "0.132": 31.0, "0.202": 31.0, "0.311": 31.0, "0.477": 28.4, "0.733": 12.2, "1.127": 11.0, "1.731": 11.0, "2.66": 11.0, "4.087": 11.0, "6.28": 11.0, "9.649": 11.0, "14.825": 11.0, "22.779": 11.0, "35.0": 11.0}}, "10": {"ci": {"0.01": 0.0, "0.015": 0.0, "0.024": 0.0, "0.036": 0.0, "0.056": 0.0, "0.086": 0.0, "0.132": 0.0, "0.202": 0.0, "0.311": 0.0, "0.477": 0.0, "0.733": 0.0, "1.127": 0.0, "1.731": 0.3414894182491468, "2.66": 3.5287239885745167, "4.087": 11.382980608304894, "6.28": 11.382980608304894, "9.649": 11.382980608304894, "14.825": 11.382980608304894, "22.779": 11.382980608304894, "35.0": 11.382980608304894}, "n_steps": {"0.01": 14.0, "0.015": 14.0, "0.024": 14.0, "0.036": 14.0, "0.056": 14.0, "0.086": 14.0, "0.132": 14.0, "0.202": 14.0, "0.311": 14.0, "0.477": 14.0, "0.733": 14.0, "1.127": 14.0, "1.731": 13.88, "2.66": 12.76, "4.087": 10.0, "6.28": 10.0, "9.649": 10.0, "14.825": 10.0, "22.779": 10.0, "35.0": 10.0}}, "11": {"ci": {"0.01": 0.0, "0.015": 0.0, "0.024": 0.0, "0.036": 0.0, "0.056": 0.0, "0.086": 0.0860054732293175, "0.132": 0.0, "0.202": 0.0, "0.311": 0.0, "0.477": 0.0, "0.733": 0.0, "1.127": 7.055784403278317, "1.731": 21.381164858419144, "2.66": 21.381164858419144, "4.087": 21.381164858419144, "6.28": 21.381164858419144, "9.649": 21.381164858419144, "14.825": 21.381164858419144, "22.779": 21.381164858419144, "35.0": 21.381164858419144}, "n_steps": {"0.01": 22.0, "0.015": 22.0, "0.024": 22.0, "0.036": 22.0, "0.056": 22.0, "0.086": 22.01, "0.132": 22.0, "0.202": 22.0, "0.311": 22.0, "0.477": 22.0, "0.733": 22.0, "1.127": 16.06, "1.731": 4.0, "2.66": 4.0, "4.087": 4.0, "6.28": 4.0, "9.649": 4.0, "14.825": 4.0, "22.779": 4.0, "35.0": 4.0}}, "13": {"ci": {"0.01": 0.0, "0.015": 0.0860054732293175, "0.024": 0.1061654925005955, "0.036": 0.0, "0.056": 0.0, "0.086": 0.0, "0.132": 0.0860054732293175, "0.202": 0.0, "0.311": 0.0, "0.477": 0.0, "0.733": 0.1276777696649553, "1.127": 0.652236811906683, "1.731": 9.462002918788599, "2.66": 12.781624930077442, "4.087": 12.767776966495536, "6.28": 12.767776966495536, "9.649": 12.767776966495536, "14.825": 12.767776966495536, "22.779": 50.731821394219885, "35.0": 96.90764004198148}, "n_steps": {"0.01": 28.0, "0.015": 28.02, "0.024": 28.06,